<?xml version="1.0" encoding="UTF-8" ?>
<!DOCTYPE struts PUBLIC
    "-//Apache Software Foundation//DTD Struts Configuration 2.0//EN"
    "http://struts.apache.org/dtds/struts-2.0.dtd">
<struts>
   <constant name="struts.i18n.encoding" value="utf-8"/>
    <constant name="struts.ognl.allowStaticMethodAccess" value="true"/>
    <package name="RegisterSystem" namespace="" extends="struts-default">
    	<action name="register" class="com.ryh.action.RegisterAction">
            <result name="success">/login.jsp</result>
            <!-- 校验失败后，struts2会把页面转到名为"input"的页面中 -->
            <result name="input">/register.jsp</result>
        </action>
    	<!-- ==== 用户登录功能 ==== -->
        <action name="Login" class="com.ryh.action.LoginAction">
            <result>/index.jsp</result>
            <result name="input">/login.jsp</result>
        </action>
        
        <!-- ==== 基础数据管理模块 ==== -->
        <action name="RegStatus" class="com.ryh.action.RegStatusAction">
            <result>/basicdata/regstatus.jsp</result>
        </action>
        <action name="AdminUser" class="com.ryh.action.AdminUserAction">
            <result>/basicdata/adminuser.jsp</result>
        </action>
        <action name="BedChamber" class="com.ryh.action.BedChamberAction">
            <result>/basicdata/bedchamber.jsp</result>
            <result name="fail">/basicdata/bedchamber.jsp</result>
        </action>
        <action name="Class" class="com.ryh.action.ClassAction">
            <result>/basicdata/class.jsp</result>
            <result name="fail">/basicdata/class.jsp</result>
        </action>
        <action name="Speciality" class="com.ryh.action.SpecialityAction">
            <result>/basicdata/speciality.jsp</result>
             <result  name="fail">/basicdata/speciality.jsp</result>
        </action>
        <action name="Student" class="com.ryh.action.StudentAction">
            <result>/basicdata/student.jsp</result>
             <result name="fail">/basicdata/student.jsp</result>
        </action>
        <!-- ==== 报到分班管理模块 ==== -->
        <action name="ClassAdmin" class="com.ryh.action.ClassAdminAction">
            <result>/class/classadmin.jsp</result>
            <result name="input">/class/classadmin.jsp</result>
        </action>
        <action name="ClassView" class="com.ryh.action.ClassViewAction">
            <result>/class/classview.jsp</result>
        </action>
        <!-- ==== 收费管理模块 ==== -->
        <action name="MoneyAdmin" class="com.ryh.action.MoneyAdminAction">
            <result>/money/moneyadmin.jsp</result>
        </action>
        <!-- ==== 宿舍分配管理模块 ==== -->
        <action name="BedAdmin" class="com.ryh.action.BedAdminAction">
            <result>/bed/bedadmin.jsp</result>
        </action>
    </package>
</struts>